7;"new2-DSC_0156.JPG"
7;"new2-DSC_0153.JPG"
7;"new2-DSC_0152.JPG"
7;"new2-DSC_0148.JPG"
7;"new2-DSC_0147.JPG"
6;"new2-DSC_0145.JPG"
7;"new2-DSC_0142.JPG"
7;"new2-DSC_0141.JPG"
7;"new2-DSC_0138.JPG"
7;"new2-DSC_0137.JPG"
6;"new2-DSC_0129.JPG"
7;"new2-DSC_0126.JPG"
7;"new2-DSC_0115.JPG"
7;"new2-DSC_0113.JPG"
7;"new2-DSC_0112.JPG"
6;"new2-DSC_0111.JPG"
7;"new2-DSC_0106.JPG"
6;"new2-DSC_0103.JPG"
6;"new2-DSC_0101.JPG"
5;"new2-DSC_0100.JPG"
6;"new2-DSC_0099.JPG"
7;"new2-DSC_0095.JPG"
6;"new2-DSC_0094.JPG"
6;"new2-DSC_0093.JPG"
7;"new2-DSC_0092.JPG"
7;"new2-DSC_0089.JPG"
7;"new2-DSC_0084.JPG"
7;"new2-DSC_0082.JPG"
7;"new2-DSC_0081.JPG"
7;"new2-DSC_0080.JPG"
7;"new2-DSC_0078.JPG"
7;"new2-DSC_0076.JPG"
7;"new2-DSC_0075.JPG"
7;"new2-DSC_0074.JPG"
7;"new2-DSC_0070.JPG"
7;"new2-DSC_0066.JPG"
5;"new2-DSC_0061.JPG"
7;"new2-DSC_0058.JPG"
7;"new2-DSC_0057.JPG"
7;"new2-DSC_0055.JPG"
7;"new2-DSC_0053.JPG"
7;"new2-DSC_0051.JPG"
7;"new2-DSC_0050.JPG"
7;"new2-DSC_0047.JPG"
7;"new2-DSC_0046.JPG"
7;"new2-DSC_0043.JPG"
7;"new2-DSC_0042.JPG"
6;"new2-DSC_0041.JPG"
6;"new2-DSC_0039.JPG"
6;"new2-DSC_0037.JPG"
6;"new2-DSC_0036.JPG"
6;"new2-DSC_0035.JPG"
6;"new2-DSC_0034.JPG"
7;"new2-DSC_0033.JPG"
7;"new2-DSC_0031.JPG"
7;"new2-DSC_0029.JPG"
7;"new2-DSC_0017.JPG"
7;"new2-DSC_0015.JPG"
7;"new2-DSC_0012.JPG"
7;"new2-DSC_0010.JPG"
7;"new2-DSC_0009.JPG"
7;"new2-DSC_0005.JPG"
7;"new2-DSC_0004.JPG"
7;"new2-DSC_0002.JPG"
6;"new1-DSC_0285.JPG"
7;"new1-DSC_0283.JPG"
7;"new1-DSC_0281.JPG"
7;"new1-DSC_0280.JPG"
7;"new1-DSC_0279.JPG"
7;"new1-DSC_0278.JPG"
7;"new1-DSC_0277.JPG"
6;"new1-DSC_0270.JPG"
6;"new1-DSC_0269.JPG"
7;"new1-DSC_0268.JPG"
7;"new1-DSC_0267.JPG"
7;"new1-DSC_0265.JPG"
7;"new1-DSC_0264.JPG"
7;"new1-DSC_0263.JPG"
7;"new1-DSC_0262.JPG"
7;"new1-DSC_0261.JPG"
7;"new1-DSC_0259.JPG"
7;"new1-DSC_0255.JPG"
7;"new1-DSC_0254.JPG"
7;"new1-DSC_0253.JPG"
7;"new1-DSC_0252.JPG"
7;"new1-DSC_0251.JPG"
7;"new1-DSC_0243.JPG"
7;"new1-DSC_0241.JPG"
5;"new1-DSC_0240.JPG"
6;"new1-DSC_0239.JPG"
6;"new1-DSC_0238.JPG"
6;"new1-DSC_0237.JPG"
6;"new1-DSC_0236.JPG"
7;"new1-DSC_0235.JPG"
7;"new1-DSC_0234.JPG"
7;"new1-DSC_0233.JPG"
7;"new1-DSC_0232.JPG"
7;"new1-DSC_0231.JPG"
6;"new1-DSC_0229.JPG"
6;"new1-DSC_0228.JPG"
6;"new1-DSC_0227.JPG"
6;"new1-DSC_0226.JPG"
7;"new1-DSC_0225.JPG"
6;"new1-DSC_0224.JPG"
6;"new1-DSC_0223.JPG"
5;"new1-DSC_0221.JPG"
6;"new1-DSC_0220.JPG"
6;"new1-DSC_0219.JPG"
7;"new1-DSC_0218.JPG"
7;"new1-DSC_0216.JPG"
7;"new1-DSC_0214.JPG"
7;"new1-DSC_0209.JPG"
6;"new1-DSC_0205.JPG"
7;"new1-DSC_0202.JPG"
7;"new1-DSC_0201.JPG"
6;"new1-DSC_0200.JPG"
7;"new1-DSC_0199.JPG"
7;"new1-DSC_0198.JPG"
7;"new1-DSC_0197.JPG"
7;"new1-DSC_0196.JPG"
7;"new1-DSC_0193.JPG"
7;"new1-DSC_0192.JPG"
7;"new1-DSC_0191.JPG"
7;"new1-DSC_0190.JPG"
7;"new1-DSC_0189.JPG"
7;"new1-DSC_0188.JPG"
7;"new1-DSC_0187.JPG"
7;"new1-DSC_0186.JPG"
7;"new1-DSC_0185.JPG"
7;"new1-DSC_0184.JPG"
7;"new1-DSC_0183.JPG"
7;"new1-DSC_0182.JPG"
7;"new1-DSC_0181.JPG"
7;"new1-DSC_0180.JPG"
7;"new1-DSC_0179.JPG"
7;"new1-DSC_0178.JPG"
7;"new1-DSC_0177.JPG"
7;"new1-DSC_0176.JPG"
7;"new1-DSC_0175.JPG"
7;"new1-DSC_0174.JPG"
7;"new1-DSC_0173.JPG"
7;"new1-DSC_0167.JPG"
7;"new1-DSC_0166.JPG"
6;"new1-DSC_0163.JPG"
6;"new1-DSC_0162.JPG"
7;"new1-DSC_0160.JPG"
7;"new1-DSC_0159.JPG"
6;"new1-DSC_0158.JPG"
7;"new1-DSC_0157.JPG"
6;"new1-DSC_0156.JPG"
6;"new1-DSC_0155.JPG"
7;"new1-DSC_0153.JPG"
7;"new1-DSC_0152.JPG"
7;"new1-DSC_0151.JPG"
7;"new1-DSC_0150.JPG"
7;"new1-DSC_0148.JPG"
7;"new1-DSC_0147.JPG"
7;"new1-DSC_0146.JPG"
7;"new1-DSC_0143.JPG"
7;"new1-DSC_0142.JPG"
7;"new1-DSC_0140.JPG"
6;"new1-DSC_0139.JPG"
7;"new1-DSC_0137.JPG"
6;"new1-DSC_0131.JPG"
6;"new1-DSC_0130.JPG"
7;"new1-DSC_0128.JPG"
7;"new1-DSC_0127.JPG"
6;"new1-DSC_0126.JPG"
6;"new1-DSC_0122.JPG"
6;"new1-DSC_0121.JPG"
6;"new1-DSC_0120.JPG"
7;"new1-DSC_0119.JPG"
7;"new1-DSC_0117.JPG"
7;"new1-DSC_0116.JPG"
7;"new1-DSC_0115.JPG"
7;"new1-DSC_0114.JPG"
7;"new1-DSC_0111.JPG"
7;"new1-DSC_0110.JPG"
6;"new1-DSC_0109.JPG"
6;"new1-DSC_0107.JPG"
5;"new1-DSC_0106.JPG"
5;"new1-DSC_0105.JPG"
5;"new1-DSC_0104.JPG"
6;"new1-DSC_0103.JPG"
6;"new1-DSC_0102.JPG"
6;"new1-DSC_0101.JPG"
6;"new1-DSC_0100.JPG"
6;"new1-DSC_0099.JPG"
6;"new1-DSC_0098.JPG"
6;"new1-DSC_0097.JPG"
7;"new1-DSC_0096.JPG"
5;"new1-DSC_0094.JPG"
6;"new1-DSC_0093.JPG"
7;"new1-DSC_0091.JPG"
7;"new1-DSC_0090.JPG"
7;"new1-DSC_0087.JPG"
7;"new1-DSC_0086.JPG"
7;"new1-DSC_0085.JPG"
7;"new1-DSC_0084.JPG"
6;"new1-DSC_0083.JPG"
6;"new1-DSC_0082.JPG"
7;"new1-DSC_0080.JPG"
6;"new1-DSC_0079.JPG"
7;"new1-DSC_0078.JPG"
6;"new1-DSC_0077.JPG"
6;"new1-DSC_0076.JPG"
6;"new1-DSC_0075.JPG"
5;"new1-DSC_0074.JPG"
6;"new1-DSC_0073.JPG"
6;"new1-DSC_0072.JPG"
6;"new1-DSC_0069.JPG"
6;"new1-DSC_0067.JPG"
7;"new1-DSC_0064.JPG"
6;"new1-DSC_0062.JPG"
6;"new1-DSC_0060.JPG"
6;"new1-DSC_0059.JPG"
7;"new1-DSC_0056.JPG"
6;"new1-DSC_0055.JPG"
7;"new1-DSC_0049.JPG"
7;"new1-DSC_0048.JPG"
7;"new1-DSC_0046.JPG"
7;"new1-DSC_0039.JPG"
7;"new1-DSC_0037.JPG"
5;"new1-DSC_0035.JPG"
5;"new1-DSC_0034.JPG"
6;"new1-DSC_0031.JPG"
7;"new-DSC_0234.JPG"
7;"new-DSC_0233.JPG"
7;"new-DSC_0232.JPG"
7;"new-DSC_0231.JPG"
7;"new-DSC_0230.JPG"
7;"new-DSC_0229.JPG"
6;"new-DSC_0228.JPG"
7;"new-DSC_0227.JPG"
7;"new-DSC_0226.JPG"
7;"new-DSC_0225.JPG"
7;"new-DSC_0224.JPG"
7;"new-DSC_0223.JPG"
7;"new-DSC_0222.JPG"
7;"new-DSC_0221.JPG"
7;"new-DSC_0220.JPG"
7;"new-DSC_0219.JPG"
7;"new-DSC_0218.JPG"
7;"new-DSC_0217.JPG"
7;"new-DSC_0216.JPG"
7;"new-DSC_0215.JPG"
7;"new-DSC_0214.JPG"
7;"new-DSC_0213.JPG"
7;"new-DSC_0212.JPG"
7;"new-DSC_0211.JPG"
7;"new-DSC_0210.JPG"
7;"new-DSC_0209.JPG"
7;"new-DSC_0208.JPG"
7;"new-DSC_0207.JPG"
7;"new-DSC_0206.JPG"
7;"new-DSC_0205.JPG"
7;"new-DSC_0204.JPG"
7;"new-DSC_0203.JPG"
7;"new-DSC_0202.JPG"
7;"new-DSC_0201.JPG"
7;"new-DSC_0200.JPG"
7;"new-DSC_0199.JPG"
7;"new-DSC_0198.JPG"
7;"new-DSC_0197.JPG"
7;"new-DSC_0196.JPG"
7;"new-DSC_0195.JPG"
7;"new-DSC_0194.JPG"
7;"new-DSC_0193.JPG"
7;"new-DSC_0192.JPG"
7;"new-DSC_0191.JPG"
7;"new-DSC_0190.JPG"
7;"new-DSC_0189.JPG"
7;"new-DSC_0188.JPG"
7;"new-DSC_0187.JPG"
7;"new-DSC_0186.JPG"
7;"new-DSC_0185.JPG"
6;"new-DSC_0184.JPG"
6;"new-DSC_0183.JPG"
6;"new-DSC_0181.JPG"
6;"new-DSC_0180.JPG"
6;"new-DSC_0179.JPG"
7;"new-DSC_0178.JPG"
7;"new-DSC_0177.JPG"
7;"new-DSC_0176.JPG"
7;"new-DSC_0175.JPG"
7;"new-DSC_0174.JPG"
7;"new-DSC_0173.JPG"
7;"new-DSC_0172.JPG"
7;"new-DSC_0171.JPG"
7;"new-DSC_0170.JPG"
7;"new-DSC_0169.JPG"
7;"new-DSC_0168.JPG"
7;"new-DSC_0167.JPG"
7;"new-DSC_0166.JPG"
7;"new-DSC_0165.JPG"
7;"new-DSC_0164.JPG"
7;"new-DSC_0163.JPG"
7;"new-DSC_0162.JPG"
7;"new-DSC_0161.JPG"
7;"new-DSC_0160.JPG"
7;"new-DSC_0159.JPG"
7;"new-DSC_0158.JPG"
7;"new-DSC_0157.JPG"
7;"new-DSC_0156.JPG"
7;"new-DSC_0155.JPG"
7;"new-DSC_0154.JPG"
7;"new-DSC_0153.JPG"
7;"new-DSC_0152.JPG"
7;"new-DSC_0151.JPG"
7;"new-DSC_0150.JPG"
7;"new-DSC_0149.JPG"
7;"new-DSC_0148.JPG"
7;"new-DSC_0147.JPG"
7;"new-DSC_0146.JPG"
7;"new-DSC_0145.JPG"
7;"new-DSC_0144.JPG"
7;"new-DSC_0143.JPG"
7;"new-DSC_0142.JPG"
7;"new-DSC_0141.JPG"
7;"new-DSC_0140.JPG"
7;"new-DSC_0139.JPG"
7;"new-DSC_0138.JPG"
6;"new-DSC_0137.JPG"
6;"new-DSC_0136.JPG"
6;"new-DSC_0135.JPG"
7;"new-DSC_0134.JPG"
7;"new-DSC_0133.JPG"
6;"new-DSC_0132.JPG"
5;"new-DSC_0131.JPG"
5;"new-DSC_0130.JPG"
6;"new-DSC_0129.JPG"
7;"new-DSC_0128.JPG"
7;"new-DSC_0127.JPG"
7;"new-DSC_0126.JPG"
7;"new-DSC_0125.JPG"
7;"new-DSC_0124.JPG"
7;"new-DSC_0123.JPG"
7;"new-DSC_0122.JPG"
7;"new-DSC_0121.JPG"
7;"new-DSC_0120.JPG"
7;"new-DSC_0119.JPG"
7;"new-DSC_0118.JPG"
7;"new-DSC_0117.JPG"
7;"new-DSC_0116.JPG"
7;"new-DSC_0115.JPG"
7;"new-DSC_0114.JPG"
7;"new-DSC_0113.JPG"
7;"new-DSC_0112.JPG"
7;"new-DSC_0111.JPG"
7;"new-DSC_0110.JPG"
7;"new-DSC_0109.JPG"
7;"new-DSC_0108.JPG"
7;"new-DSC_0107.JPG"
7;"new-DSC_0106.JPG"
7;"new-DSC_0105.JPG"
7;"new-DSC_0104.JPG"
7;"new-DSC_0103.JPG"
7;"new-DSC_0102.JPG"
7;"new-DSC_0101.JPG"
7;"new-DSC_0100.JPG"
7;"new-DSC_0099.JPG"
7;"new-DSC_0098.JPG"
7;"new-DSC_0097.JPG"
7;"new-DSC_0096.JPG"
7;"new-DSC_0095.JPG"
7;"new-DSC_0094.JPG"
7;"new-DSC_0093.JPG"
7;"new-DSC_0092.JPG"
7;"new-DSC_0091.JPG"
7;"new-DSC_0090.JPG"
7;"new-DSC_0089.JPG"
7;"new-DSC_0088.JPG"
7;"new-DSC_0087.JPG"
7;"new-DSC_0086.JPG"
7;"new-DSC_0085.JPG"
7;"new-DSC_0084.JPG"
7;"new-DSC_0083.JPG"
7;"new-DSC_0082.JPG"
7;"new-DSC_0081.JPG"
7;"new-DSC_0080.JPG"
7;"new-DSC_0079.JPG"
7;"new-DSC_0078.JPG"
7;"new-DSC_0077.JPG"
7;"new-DSC_0076.JPG"
7;"new-DSC_0075.JPG"
7;"new-DSC_0074.JPG"
7;"new-DSC_0073.JPG"
7;"new-DSC_0072.JPG"
7;"new-DSC_0071.JPG"
7;"new-DSC_0070.JPG"
7;"new-DSC_0069.JPG"
7;"new-DSC_0068.JPG"
7;"new-DSC_0067.JPG"
7;"new-DSC_0066.JPG"
7;"new-DSC_0065.JPG"
7;"new-DSC_0064.JPG"
7;"new-DSC_0063.JPG"
7;"new-DSC_0062.JPG"
7;"new-DSC_0061.JPG"
7;"new-DSC_0060.JPG"
7;"new-DSC_0059.JPG"
7;"new-DSC_0058.JPG"
7;"new-DSC_0057.JPG"
7;"new-DSC_0056.JPG"
7;"new-DSC_0055.JPG"
7;"new-DSC_0054.JPG"
7;"new-DSC_0053.JPG"
7;"new-DSC_0052.JPG"
7;"new-DSC_0051.JPG"
7;"new-DSC_0050.JPG"
7;"new-DSC_0049.JPG"
7;"new-DSC_0048.JPG"
7;"new-DSC_0047.JPG"
7;"new-DSC_0046.JPG"
7;"new-DSC_0045.JPG"
7;"new-DSC_0044.JPG"
7;"new-DSC_0043.JPG"
7;"new-DSC_0042.JPG"
7;"new-DSC_0041.JPG"
7;"new-DSC_0040.JPG"
7;"new-DSC_0039.JPG"
7;"new-DSC_0038.JPG"
7;"new-DSC_0037.JPG"
7;"new-DSC_0036.JPG"
7;"new-DSC_0035.JPG"
7;"new-DSC_0034.JPG"
7;"new-DSC_0033.JPG"
7;"new-DSC_0032.JPG"
7;"new-DSC_0031.JPG"
7;"new-DSC_0030.JPG"
7;"new-DSC_0029.JPG"
7;"new-DSC_0028.JPG"
7;"new-DSC_0027.JPG"
7;"new-DSC_0026.JPG"
7;"new-DSC_0025.JPG"
7;"new-DSC_0024.JPG"
7;"new-DSC_0023.JPG"
7;"new-DSC_0022.JPG"
7;"new-DSC_0021.JPG"
7;"new-DSC_0020.JPG"
7;"new-DSC_0019.JPG"
7;"new-DSC_0018.JPG"
7;"new-DSC_0017.JPG"
7;"new-DSC_0016.JPG"
7;"new-DSC_0015.JPG"
7;"new-DSC_0014.JPG"
7;"new-DSC_0013.JPG"
7;"new-DSC_0012.JPG"
7;"new-DSC_0011.JPG"
7;"new-DSC_0010.JPG"
7;"new-DSC_0009.JPG"
7;"new-DSC_0008.JPG"
7;"new-DSC_0007.JPG"
7;"new-DSC_0006.JPG"
7;"new-DSC_0005.JPG"
7;"new-DSC_0004.JPG"
7;"new-DSC_0003.JPG"
7;"new-DSC_0002.JPG"
7;"new-DSC_0001.JPG"
